id,name,brand_id,group_name
1,奥迪A4L,1,一汽奥迪
2,奥迪Q5,1,一汽奥迪
3,奥迪A6L,1,一汽奥迪
4,奥迪Q3,1,一汽奥迪
5,奥迪A3,1,一汽奥迪
6,奥迪A4,1,一汽奥迪
7,奥迪100,1,一汽奥迪
8,奥迪200,1,一汽奥迪
9,奥迪Q7,1,进口奥迪
10,奥迪A8L,1,进口奥迪
11,奥迪R8,1,进口奥迪
12,奥迪A5,1,进口奥迪
13,奥迪A1,1,进口奥迪
14,奥迪A7,1,进口奥迪
15,奥迪TT,1,进口奥迪
16,奥迪A3(进口),1,进口奥迪
17,奥迪A6(进口),1,进口奥迪
18,奥迪A4(进口),1,进口奥迪
19,奥迪Q5(进口),1,进口奥迪
20,奥迪S8,1,进口奥迪
21,奥迪S5,1,进口奥迪
22,奥迪Q3(进口),1,进口奥迪
23,奥迪S7,1,进口奥迪
24,奥迪S6,1,进口奥迪
25,奥迪S4,1,进口奥迪
26,奥迪Allroad quattro,1,进口奥迪
28,奥迪RS5,1,进口奥迪RS
29,奥迪RS7,1,进口奥迪RS
31,阿斯顿马丁ONE-77,2,阿斯顿・马丁
32,阿斯顿马丁Rapide,2,阿斯顿・马丁
33,阿斯顿马丁Vanquish,2,阿斯顿・马丁
34,阿斯顿马丁DB9,2,阿斯顿・马丁
35,V8 Vantage,2,阿斯顿・马丁
36,阿斯顿马丁DB7,2,阿斯顿・马丁
37,V12 Vantage,2,阿斯顿・马丁
38,阿斯顿马丁DBS,2,阿斯顿・马丁
39,阿斯顿马丁Virage,2,阿斯顿・马丁
41,阿斯顿马丁Zagato,2,阿斯顿・马丁
42,阿尔法罗密欧Gtv,3,阿尔法・罗密欧
46,166,3,阿尔法・罗密欧
48,AC Schnitzer ACS5,4,AC Schnitzer
49,AC Schnitzer ACS7,4,AC Schnitzer
50,AC Schnitzer ACS6,4,AC Schnitzer
51,本田CR-V,5,东风本田
52,思域,5,东风本田
53,杰德,5,东风本田
54,思铭,169,东风本田
55,思铂睿,5,东风本田
56,艾力绅,5,东风本田
57,雅阁,5,广汽本田
58,凌派,5,广汽本田
59,锋范经典,5,广汽本田
60,飞度,5,广汽本田
61,歌诗图,5,广汽本田
62,奥德赛,5,广汽本田
63,思迪,5,广汽本田
64,本田CR-Z,5,进口本田
65,思域(进口),5,进口本田
66,音赛特,5,进口本田
67,本田CR-V(进口),5,进口本田
68,雅阁(进口),5,进口本田
69,元素,5,进口本田
70,时韵,5,进口本田
71,奥德赛(进口),5,进口本田
72,里程,5,进口本田
73,阿柯德,5,进口本田
74,凯越,6,上海通用别克
75,君威,6,上海通用别克
76,英朗,6,上海通用别克
77,君越,6,上海通用别克
78,昂科拉,6,上海通用别克
80,GL8,6,上海通用别克
81,林荫大道,6,上海通用别克
84,赛欧,6,上海通用别克
85,荣御,6,上海通用别克
86,昂科雷,6,进口别克
87,林荫大道(进口),6,进口别克
88,世纪,6,进口别克
89,宝马3系,7,华晨宝马
90,宝马5系,7,华晨宝马
91,宝马X1,7,华晨宝马
92,宝马X5,7,进口宝马
93,宝马7系,7,进口宝马
94,宝马X6,7,进口宝马
95,宝马4系,7,进口宝马
96,宝马X3,7,进口宝马
97,宝马1系,7,进口宝马
98,宝马Z4,7,进口宝马
99,宝马5系(进口),7,进口宝马
100,宝马3系(进口),7,进口宝马
101,宝马5系GT,7,进口宝马
102,宝马3系GT,7,进口宝马
103,宝马6系,7,进口宝马
105,宝马2系,7,进口宝马
106,宝马i3,7,进口宝马
107,宝马X1(进口),7,进口宝马
108,宝马M3,7,进口宝马M系
109,宝马M6,7,进口宝马M系
110,宝马X6 M,7,进口宝马M系
111,宝马M5,7,进口宝马M系
112,宝马X5 M,7,进口宝马M系
114,宝马1系M,7,进口宝马M系
116,比亚迪S6,8,比亚迪
117,速锐,8,比亚迪
118,比亚迪F3,8,比亚迪
119,比亚迪F0,8,比亚迪
120,比亚迪L3,8,比亚迪
121,思锐,8,比亚迪
122,比亚迪G6,8,比亚迪
123,比亚迪M6,8,比亚迪
124,比亚迪S8,8,比亚迪
125,比亚迪G3,8,比亚迪
126,比亚迪F6,8,比亚迪
127,比亚迪G3R,8,比亚迪
128,比亚迪E6,8,比亚迪
129,比亚迪F3R,8,比亚迪
130,比亚迪F3DM,8,比亚迪
131,秦,8,比亚迪
132,福莱尔,8,比亚迪
133,奔驰E级,9,北京奔驰
134,奔驰C级,9,北京奔驰
135,奔驰GLK级,9,北京奔驰
136,唯雅诺,9,福建奔驰
137,威霆,9,福建奔驰
138,凌特,9,福建奔驰
139,奔驰S级,9,进口奔驰
140,奔驰M级,9,进口奔驰
141,奔驰A级,9,进口奔驰
142,奔驰GL级,9,进口奔驰
143,奔驰CLS级,9,进口奔驰
144,奔驰B级,9,进口奔驰
145,奔驰C级(进口),9,进口奔驰
146,奔驰SLK级,9,进口奔驰
147,奔驰GLK级(进口),9,进口奔驰
149,奔驰R级,9,进口奔驰
150,奔驰E级(进口),9,进口奔驰
151,奔驰G级,9,进口奔驰
152,奔驰SL级,9,进口奔驰
154,唯雅诺(进口),9,进口奔驰
155,威霆(进口),9,进口奔驰
157,奔驰CLK,9,进口奔驰
158,奔驰CL级,9,进口奔驰
160,奔驰G级AMG,9,进口奔驰AMG
161,奔驰SLS级AMG,9,进口奔驰AMG
162,奔驰GL级AMG,9,进口奔驰AMG
163,奔驰S级AMG,9,进口奔驰AMG
164,奔驰M级AMG,9,进口奔驰AMG
165,奔驰C级AMG,9,进口奔驰AMG
166,奔驰SLK级AMG,9,进口奔驰AMG
167,奔驰SL级AMG,9,进口奔驰AMG
168,奔驰CLS级AMG,9,进口奔驰AMG
169,奔驰E级AMG,9,进口奔驰AMG
170,标致308,10,东风标致
171,标致3008,10,东风标致
172,标致508,10,东风标致
173,标致408,10,东风标致
174,标致307,10,东风标致
175,标致207,10,东风标致
178,标致301,10,东风标致
180,标致206,10,东风标致
182,广州标致,10,广州标致
183,标致4008,10,进口标致
184,标致308(进口),10,进口标致
185,标致207(进口),10,进口标致
186,标致RCZ,10,进口标致
187,标致3008(进口),10,进口标致
188,标致607,10,进口标致
191,标致407,10,进口标致
194,标致206(进口),10,进口标致
197,标致406,10,进口标致
198,标致307(进口),10,进口标致
200,标致807,10,进口标致
203,保时捷Cayenne,11,保时捷
204,保时捷911,11,保时捷
205,保时捷Panamera,11,保时捷
206,保时捷918,11,保时捷
207,保时捷Boxster,11,保时捷
208,保时捷Cayman,11,保时捷
209,奔腾X80,12,奔腾
210,奔腾B50,12,奔腾
211,奔腾B70,12,奔腾
212,奔腾B90,12,奔腾
213,北汽E系列,13,北京汽车
217,战旗,14,北汽制造
218,勇士,14,北汽制造
219,北汽212系列,14,北汽制造
221,骑士,14,北汽制造
222,陆霸,14,北汽制造
223,域胜007,14,北汽制造
224,陆铃,14,北汽制造
226,新城市猎人,14,北汽制造
227,雷驰,14,北汽制造
228,旋风,14,北汽制造
229,宝骏630,15,宝骏
230,乐驰,15,宝骏
231,欧陆,16,宾利
232,飞驰,16,宾利
233,雅致Arnage,16,宾利
234,慕尚,16,宾利
235,雅骏,16,宾利
236,威旺M20,17,北汽威旺
237,威旺205,17,北汽威旺
238,威旺306,17,北汽威旺
239,威航,18,布加迪
240,BRABUS巴博斯 M级,19,巴博斯
241,BRABUS巴博斯 SLK级,19,巴博斯
242,BRABUS巴博斯 S级,19,巴博斯
243,BRABUS巴博斯 CLS级,19,巴博斯
244,BRABUS巴博斯 C级,19,巴博斯
245,BRABUS巴博斯 G级,19,巴博斯
246,保斐利LA JOYA,20,保斐利
247,长安CS35,21,长安轿车
249,逸动,21,长安轿车
250,悦翔V3,21,长安轿车
251,长安CX20,21,长安轿车
252,奔奔Mini,21,长安轿车
253,悦翔,21,长安轿车
254,睿骋,21,长安轿车
255,悦翔V5,21,长安轿车
256,长安CX30,21,长安轿车
257,长安CS75,21,长安轿车
258,奔奔,21,长安轿车
259,志翔,21,长安轿车
262,杰勋,21,长安轿车
263,长城M4,22,长城
264,长城C30,22,长城
265,长城C50,22,长城
266,长城V80,22,长城
267,长城M2,22,长城
268,风骏5,22,长城
269,长城C20R,22,长城
270,风骏房车,22,长城
271,金迪尔,22,长城
272,炫丽,22,长城
273,酷熊,22,长城
274,赛弗SUV,22,长城
275,长城精灵,22,长城
277,大脚兽,22,长城
278,凌傲,22,长城
279,风骏3,22,长城
280,赛影RUV,22,长城
281,赛铃皮卡,22,长城
282,赛酷皮卡,22,长城
283,赛骏,22,长城
284,欧力威,23,长安商用
285,长安欧诺,23,长安商用
286,长安之星,23,长安商用
287,长安之星2,23,长安商用
288,金牛星,23,长安商用
289,长安睿行,23,长安轻型车
290,长安星光,23,长安商用
291,长安星卡,23,长安商用
292,长安星光4500,23,长安轻型车
293,长安尊行,23,长安轻型车
294,长安神骐,23,长安轻型车
295,长安小卡,23,长安商用
296,勋龙,23,长安商用
297,长安CM8,23,长安商用
298,长安星韵,23,长安商用
299,长安运通,23,长安商用
300,长安镭蒙,23,长安商用
301,长安雪虎,23,长安商用
302,福瑞达,24,昌河
303,爱迪尔,24,昌河
304,福运,24,昌河
305,昌河微型货车,24,昌河
306,爱迪尔Ⅱ,24,昌河
307,昌河新单双排,24,昌河
308,昌铃王,24,昌河
309,海象,24,昌河
310,桑塔纳・尚纳,25,上海大众
311,朗逸,25,上海大众
312,途观,25,上海大众
313,帕萨特,25,上海大众
314,大众POLO,25,上海大众
315,朗境,25,上海大众
316,朗行,25,上海大众
317,途安,25,上海大众
318,桑塔纳志俊,25,上海大众
325,高尔,25,上海大众
327,速腾,25,一汽-大众
328,捷达,25,一汽-大众
329,宝来,25,一汽-大众
330,迈腾,25,一汽-大众
331,高尔夫,25,一汽-大众
332,一汽-大众CC,25,一汽-大众
334,开迪,25,一汽-大众
335,宝来两厢,25,一汽-大众
336,辉腾,25,进口大众
337,途锐,25,进口大众
338,尚酷,25,进口大众
339,甲壳虫,25,进口大众
340,途观(进口),25,进口大众
341,夏朗,25,进口大众
342,高尔夫(进口),25,进口大众
343,大众CC(进口),25,进口大众
344,迈腾(进口),25,进口大众
345,大众Eos,25,进口大众
347,大众Multivan,25,进口大众
349,大众 R36(进口),25,进口大众
350,PASSAT(进口),25,进口大众
351,景逸X5,26,东风风行
352,菱智,26,东风风行
353,景逸,26,东风风行
354,景逸SUV,26,东风风行
355,CM7,26,东风风行
356,V3菱悦,27,东南
357,V5菱致,27,东南
358,V6菱仕,27,东南
359,得利卡,27,东南
360,希旺,27,东南
361,菱帅,27,东南
362,富利卡,27,东南
363,菱利,27,东南
364,风光,170,东风小康
365,K17,28,东风小康
366,C37,28,东风小康
367,V27,28,东风小康
368,V29,28,东风小康
369,K07,28,东风小康
370,K07Ⅱ,28,东风小康
371,C35,28,东风小康
372,K02,28,东风小康
373,K01,28,东风小康
374,V07s,28,东风小康
375,V26,28,东风小康
376,V22,28,东风小康
377,V21,28,东风小康
378,凯领,29,东南道奇
379,酷威,29,进口道奇
380,酷搏,29,进口道奇
381,公羊,29,进口道奇
382,锋哲,29,进口道奇
383,翼龙,29,进口道奇
384,拓荒者,29,进口道奇
385,凯领(进口),29,进口道奇
386,风神A60,30,东风风神
388,风神S30,30,东风风神
389,风神H30,30,东风风神
390,DS5,31,长安标致雪铁龙
391,DS5(进口),31,进口DS
392,DS3,31,进口DS
393,DS4,31,进口DS
394,帅客,32,东风风度
395,奥丁,32,东风风度
396,锐骐皮卡,32,东风风度
397,御轩,32,东风风度
398,锐骐厢式车,32,东风风度
399,俊风,32,东风风度
400,御风,33,东风
402,东风小王子,33,东风
403,桑蒂雅,33,东风
404,东风EQ6580ST系列,33,东风校车系列
405,MAXUS V80,34,大通
406,MAXUS V80改装车,34,大通
407,福克斯,35,长安福特
408,蒙迪欧,35,长安福特
409,翼虎,35,长安福特
411,翼搏,35,长安福特
412,嘉年华,35,长安福特
413,蒙迪欧-致胜,35,长安福特
416,麦柯斯,35,长安福特
417,锐界(进口),35,进口福特
418,探险者,35,进口福特
419,野马,35,进口福特
420,F系列,35,进口福特
421,E系列,35,进口福特
422,福克斯(进口),35,进口福特
423,征服者,35,进口福特
424,嘉年华(进口),35,进口福特
425,Flex,35,进口福特
426,蒙迪欧(进口),35,进口福特
427,外交官,35,进口福特
428,天霸,35,进口福特
429,金牛座(进口),35,进口福特
430,凯美瑞,36,广汽丰田
431,汉兰达,36,广汽丰田
432,逸致,36,广汽丰田
433,雅力士,36,广汽丰田
434,凯美瑞Hybrid,36,广汽丰田
435,YARiS L 致炫,36,广汽丰田
436,威驰,36,一汽丰田
437,RAV4,36,一汽丰田
438,花冠,36,一汽丰田
439,卡罗拉,36,一汽丰田
440,锐志,36,一汽丰田
441,普拉多,36,一汽丰田
442,皇冠,36,一汽丰田
443,兰德酷路泽,36,一汽丰田
444,普锐斯,36,一汽丰田
445,柯斯达,36,一汽丰田
447,特锐,36,一汽丰田
448,普拉多(进口),36,进口丰田
451,红杉,36,进口丰田
452,FJ酷路泽,36,进口丰田
453,坦途,36,进口丰田
454,埃尔法,36,进口丰田
455,汉兰达(进口),36,进口丰田
456,丰田Wish,36,进口丰田
457,杰路驰,36,进口丰田
458,普瑞维亚,36,进口丰田
459,威飒,36,进口丰田
460,Sienna,36,进口丰田
461,考斯特(进口),36,进口丰田
462,丰田海狮,36,进口丰田
464,海拉克斯,36,进口丰田
465,丰田MR2,36,进口丰田
466,亚洲龙,36,进口丰田
467,丰田佳美(进口),36,进口丰田
468,RAV4(进口),36,进口丰田
469,4Runner,36,进口丰田
470,花冠(进口),36,进口丰田
471,丰田赛利卡(进口),36,进口丰田
473,菲翔,37,广汽菲亚特
474,派力奥,37,南京菲亚特
475,西耶那,37,南京菲亚特
476,周末风,37,南京菲亚特
477,派朗,37,南京菲亚特
478,菲跃,37,进口菲亚特
479,菲亚特500,37,进口菲亚特
480,博悦,37,进口菲亚特
482,朋多,37,进口菲亚特
483,领雅,37,进口菲亚特
484,菲亚特乌诺(Uno),37,进口菲亚特
485,菲亚特Stilo,37,进口菲亚特
486,德特乐福斯,37,进口菲亚特
487,柯罗马,37,进口菲亚特
488,菲亚特Doblo,37,进口菲亚特
489,海酷,37,进口菲亚特
490,法拉利458,38,法拉利
491,F12 berlinetta,38,法拉利
492,California,38,法拉利
493,法拉利FF,38,法拉利
496,法拉利F430,38,法拉利
497,法拉利599,38,法拉利
498,575M Maranello,38,法拉利
499,612 Scaglietti,38,法拉利
500,360 Modena,38,法拉利
501,法拉利456M,38,法拉利
502,蒙派克E,39,福田
503,奥铃捷运,39,福田
504,风景快运,39,福田
505,萨普,39,福田
506,拓陆者,39,福田
507,迷迪,39,福田
508,奥铃TX,39,福田
509,奥铃CTX,39,福田
510,风景快捷,39,福田
511,欧曼,39,福田
512,蒙派克S,39,福田
513,欧马可,39,福田
514,福田海狮,39,福田
515,传奇X,39,福田
516,风景冲浪,39,福田
517,风景爱尔法,39,福田
518,风景快客,39,福田
519,公路客运,39,欧辉
520,旅游客车,39,欧辉
521,专用客车,39,欧辉
522,探索者6,40,福迪
523,探索者Ⅱ,40,福迪
524,探索者Ⅲ,40,福迪
525,福迪小超人皮卡,40,福迪
526,雄狮F16皮卡,40,福迪
527,福迪雄狮皮卡,40,福迪
528,福迪四驱皮卡,40,福迪
529,福迪1021皮卡,40,福迪
530,斯宾特,41,飞驰商务车
531,飞驰威霆,41,飞驰商务车
532,Karma,42,菲斯克
534,传祺GS5,44,广汽乘用车
535,传祺GA3,44,广汽乘用车
536,传祺GA5,44,广汽乘用车
538,星朗,45,广汽吉奥
539,奥轩GX5,45,广汽吉奥
540,奥轩G5,45,广汽吉奥
541,帅舰,45,广汽吉奥
542,星旺,45,广汽吉奥
543,星旺CL,45,广汽吉奥
544,财运100,45,广汽吉奥
545,财运300,45,广汽吉奥
546,财运500,45,广汽吉奥
547,星旺M2,45,广汽吉奥
548,星旺L,45,广汽吉奥
549,星旺M1,45,广汽吉奥
550,吉奥GS50,45,广汽吉奥
551,吉奥GX6,45,广汽吉奥
552,奥轩G3,45,广汽吉奥
553,帅豹,45,广汽吉奥
554,凯睿,45,广汽吉奥
555,柴神,45,广汽吉奥
556,帅凌,45,广汽吉奥
557,帅威,45,广汽吉奥
559,猛将旅,45,广汽吉奥
560,观致3,46,观致汽车
561,SAVANA,47,GMC
562,大蛇,48,光冈
563,嘉路,48,光冈
564,女王,48,光冈
565,270Y系列,49,广汽日野
566,320D系列,49,广汽日野
567,300J系列,49,广汽日野
568,哈弗H6,50,哈弗
569,哈弗H5,50,哈弗
570,哈弗派,50,哈弗
571,哈弗H8,50,哈弗
573,哈弗H7,50,哈弗
574,哈弗H3,50,哈弗
575,长城M1,22,长城
576,海马M3,51,海马
577,海马S7,51,海马
578,普力马,51,海马
579,丘比特,51,海马
580,福美来,51,海马
581,骑士,51,海马
582,海福星,51,海马
586,海南马自达323,92,海南马自达
587,海马3,51,海马
588,欢动,51,海马
590,圣达菲,52,华泰
591,宝利格,52,华泰
592,路盛E70,52,华泰
593,华泰B11,52,华泰
594,特拉卡,52,华泰
595,红旗H7,53,红旗
598,红旗盛世,53,红旗
599,明仕,53,红旗
600,世纪星,53,红旗
601,红旗旗舰,53,红旗
602,海马王子,54,海马商用车
603,海马爱尚,54,海马商用车
604,福仕达新腾达,54,海马商用车
605,福仕达鸿达,54,海马商用车
606,福仕达新鸿达,54,海马商用车
607,福仕达荣达,54,海马商用车
608,腾达,54,海马商用车
609,福卡,54,海马商用车
611,挑战者,55,黄海
612,旗胜F1,55,黄海
613,旗胜V3,55,黄海
614,大柴神,55,黄海
615,翱龙CUV,55,黄海
616,小柴神,55,黄海
617,傲骏,55,黄海
618,旗胜CUV,55,黄海
620,傲龙CUV,55,黄海
621,翱龙SUV,55,黄海
622,曙光骄子,55,黄海
623,领航者,55,黄海
624,法萨特ncv,55,黄海
625,黄海征服者,55,黄海
626,傲羚,55,黄海
627,路宝,56,哈飞
628,赛马,56,哈飞
629,新民意,56,哈飞
630,中意,56,哈飞
631,赛豹Ⅲ,56,哈飞
632,路尊小霸王,56,哈飞
633,骏意,56,哈飞
634,民意,56,哈飞
635,松花江,56,哈飞
636,路尊大霸王,56,哈飞
637,哈飞单双排,56,哈飞
638,中意单双排,56,哈飞
640,普面,56,哈飞
641,赛豹V系,56,哈飞
642,百利,56,哈飞
643,民意单双排,56,哈飞
645,民意一排半,56,哈飞
646,客卡,57,海格
647,新大海狮,57,海格
648,高大海狮,57,海格
649,轻客系列,57,海格
650,途腾T3,58,恒天汽车
651,途腾T2,58,恒天汽车
652,途腾T1,58,恒天汽车
653,伊思坦纳,59,汇众
654,德驰,59,汇众
655,瑞风S5,60,江淮
656,和悦A30,60,江淮
657,瑞风,60,江淮
658,瑞风M2,60,江淮
659,和悦,60,江淮
660,同悦,60,江淮
661,瑞鹰,60,江淮
662,悦悦,60,江淮
663,瑞风M5,60,江淮
664,同悦RS,60,江淮
665,宾悦,60,江淮
666,星锐,60,江淮
667,瑞铃,60,江淮
668,瑞风改装车,60,江淮
669,雪豹X50,60,江淮安驰
670,雪豹X80,60,江淮安驰
671,瑞驰,60,江淮安驰
672,凌铃,60,江淮安驰
674,威豹,60,江淮安驰
675,杰豹,60,江淮安驰
676,金牛,60,江淮安驰
677,微轿,60,江淮安驰
678,安驰,60,江淮安驰
680,Jeep2500,61,北京吉普
681,切诺基,61,北京吉普切诺基
682,大切诺基,61,北京吉普切诺基
683,指南者,61,进口Jeep
684,大切诺基(进口),61,进口Jeep
685,牧马人,61,进口Jeep
686,自由客,61,进口Jeep
688,指挥官,61,进口Jeep
689,自由人,61,进口Jeep
690,全球鹰GX7,62,吉利全球鹰
691,熊猫,62,吉利全球鹰
692,全球鹰GC7,62,吉利全球鹰
693,自由舰,62,吉利全球鹰
694,远景,62,吉利全球鹰
695,全球鹰GX2,62,吉利全球鹰
698,帝豪EC7,63,吉利帝豪
699,帝豪EC8,63,吉利帝豪
701,捷豹XF,64,捷豹
702,捷豹XJ,64,捷豹
703,捷豹F-TYPE,64,捷豹
704,捷豹XKR,64,捷豹
706,捷豹XK,64,捷豹
707,捷豹XFR,64,捷豹
708,捷豹S-TYPE,64,捷豹
709,英伦SX7,65,吉利英伦
710,吉利海景(英伦SC7),65,吉利英伦
711,金刚2代,65,吉利英伦
712,英伦SC6,65,吉利英伦
713,金鹰,65,吉利英伦
714,英伦SC3,65,吉利英伦
715,英伦SC5-RV,65,吉利英伦
716,英伦TX4,65,吉利英伦
718,金刚,65,吉利英伦
719,驭胜S350,66,江铃
720,经典全顺,66,江铃
721,新世代全顺,66,江铃
722,宝典,66,江铃
723,域虎,66,江铃
724,宝威,66,江铃
725,顺达,66,江铃
726,凯运,66,江铃
727,凯锐,66,江铃
728,凯威,66,江铃
729,智尚S30,67,绵阳金杯
730,金杯海狮,67,华晨金杯
731,阁瑞斯MPV,67,华晨金杯
732,华晨金杯S50,67,华晨金杯
733,小海狮,67,华晨鑫源
734,大海狮,67,华晨金杯
735,海狮第6代,67,华晨金杯
736,海星,67,华晨鑫源
737,西部大力神,67,绵阳金杯
738,雷龙,67,绵阳金杯
739,金典,67,绵阳金杯
740,西部牛仔,67,绵阳金杯
741,霸道SUV,67,华晨金杯
742,奥拓经典,68,江南
743,传奇,68,江南
744,江南风光,68,江南
745,江南精灵,68,江南
746,金龙海狮,69,金龙联合
747,金龙金威,69,金龙联合
748,金龙凯歌,69,金龙联合
749,九龙商务车,70,九龙
750,九龙考斯特,70,九龙
751,九龙专用车,70,九龙
752,金旅海狮,71,金旅客车
753,考斯特,71,金旅客车
754,金旅客车系列,71,金旅客车
756,凯迪拉克XTS,73,上海通用凯迪拉克
757,凯迪拉克赛威,73,上海通用凯迪拉克
760,凯迪拉克SRX,73,进口凯迪拉克
761,凯迪拉克CTS(进口),73,进口凯迪拉克
762,凯迪拉克ATS,73,进口凯迪拉克
763,凯迪拉克CTS COUPE,73,进口凯迪拉克
764,凯迪拉克凯雷德,73,进口凯迪拉克
765,凯迪拉克CTS-V(进口),73,进口凯迪拉克
767,凯迪拉克加长版,73,进口凯迪拉克
768,凯迪拉克XLR,73,进口凯迪拉克
769,凯迪拉克帝威,73,进口凯迪拉克
771,凯迪拉克赛威(进口),73,进口凯迪拉克
772,凯迪拉克DTS,73,进口凯迪拉克
773,铂锐,74,北奔克莱斯勒
774,克莱斯勒300C,74,北奔克莱斯勒
775,大捷龙,74,东南克莱斯勒
776,克莱斯勒300C(进口),74,进口克莱斯勒
777,城乡,74,进口克莱斯勒
778,PT漫步者,74,进口克莱斯勒
779,大捷龙(进口),74,进口克莱斯勒
780,克莱斯勒君王,74,进口克莱斯勒
781,辉煌,74,进口克莱斯勒
782,克莱斯勒交叉火力,74,进口克莱斯勒
783,赛百灵,74,进口克莱斯勒
784,300M,74,进口克莱斯勒
785,克莱斯勒太阳舞,74,进口克莱斯勒
786,克莱斯勒彩虹,74,进口克莱斯勒
787,开瑞优优,75,开瑞
788,开瑞优雅,75,开瑞
789,开瑞优劲,75,开瑞
790,开瑞优胜,75,开瑞
791,爱卡,75,开瑞
792,开瑞优翼,75,开瑞
793,开瑞优派,75,开瑞
794,开瑞3,75,开瑞
795,科尼赛克CCR,76,科尼塞克
796,Agera,76,科尼塞克
797,卡尔森GL级,77,卡尔森
798,卡尔森C25,77,卡尔森
799,卡尔森S级,77,卡尔森
800,奥拓,78,长安铃木
801,雨燕,78,长安铃木
802,天语SX4,78,长安铃木
803,羚羊,78,长安铃木
805,天语尚悦,78,长安铃木
807,锋驭,78,长安铃木
808,北斗星,78,昌河铃木
809,北斗星X5,78,昌河铃木
810,利亚纳,78,昌河铃木
811,派喜,78,昌河铃木
813,浪迪,78,昌河铃木
814,利亚纳A6,78,昌河铃木
816,西安奥拓,78,西安奥拓
817,吉姆尼(进口),78,进口铃木
818,超级维特拉,78,进口铃木
819,凯泽西,78,进口铃木
820,快捷(进口),78,进口铃木
821,揽胜极光(进口),79,路虎
822,揽胜,79,路虎
823,神行者2代,79,路虎
824,发现,79,路虎
825,揽胜运动版,79,路虎
826,路虎卫士,79,路虎
828,自由人,79,路虎
829,雷克萨斯ES,80,雷克萨斯
830,雷克萨斯RX,80,雷克萨斯
831,雷克萨斯IS,80,雷克萨斯
832,雷克萨斯CT,80,雷克萨斯
833,雷克萨斯GS,80,雷克萨斯
834,雷克萨斯LX,80,雷克萨斯
835,雷克萨斯LS,80,雷克萨斯
836,雷克萨斯LF-A,80,雷克萨斯
837,雷克萨斯GX,80,雷克萨斯
838,雷克萨斯RC,80,雷克萨斯
839,雷克萨斯SC,80,雷克萨斯
840,力帆320,81,力帆
841,力帆X60,81,力帆
842,力帆720,81,力帆
843,力帆620,81,力帆
844,力帆330,81,力帆
845,力帆520,81,力帆
846,力帆530,81,力帆
847,力帆520i,81,力帆
848,力帆630,81,力帆
849,丰顺,81,力帆
850,兴顺,81,力帆
852,Aventador,82,兰博基尼
853,盖拉多Gallardo,82,兰博基尼
854,蝙蝠,82,兰博基尼
856,陆风X5,83,陆风
857,陆风X8,83,陆风
858,陆风X6,83,陆风
859,陆风X9,83,陆风
860,陆风风尚,83,陆风
861,陆风风华,83,陆风
862,陆风新饰界,83,陆风
863,科雷傲,84,雷诺
864,风朗,84,雷诺
865,纬度,84,雷诺
866,梅甘娜,84,雷诺
867,风景,84,雷诺
868,塔利斯曼,84,雷诺
869,拉古那,84,雷诺
873,雷诺威赛帝,84,雷诺
874,猎豹CT5,85,猎豹皮卡
875,飞扬SUV,85,猎豹皮卡
876,飞扬皮卡,85,猎豹皮卡
877,飞铃皮卡,85,猎豹皮卡
878,长丰DUV,85,猎豹皮卡
879,福铃皮卡,85,猎豹皮卡
880,金麒麟,85,猎豹皮卡
881,玉麒麟,85,猎豹皮卡
882,飞铃SUV,85,猎豹皮卡
883,猎豹黑金刚,85,猎豹SUV
884,猎豹飞腾,85,猎豹SUV
885,猎豹6481,85,猎豹SUV
886,猎豹CS6,85,猎豹SUV
887,猎豹骐菱,85,猎豹SUV
890,猎豹CS7,85,猎豹SUV
892,猎豹CFA2030,85,猎豹SUV
893,猎豹CJY6470,85,猎豹SUV
894,幻影,86,劳斯莱斯
895,古思特,86,劳斯莱斯
896,银色天使,86,劳斯莱斯
897,领航员,87,林肯
898,林肯MKX,87,林肯
899,林肯MKT,87,林肯
900,林肯MKS,87,林肯
901,城市,87,林肯
902,林肯MKZ,87,林肯
904,林肯加长版,87,林肯
905,黑森林,87,林肯
906,莲花L3,88,莲花
907,莲花L5,88,莲花
912,竞悦,88,莲花
913,竞速,88,进口莲花
914,竞悦(进口),88,进口莲花
915,理念S1,89,理念
916,路特斯Elise,90,路特斯
917,路特斯Evora,90,路特斯
918,路特斯Exige,90,路特斯
919,威霆国宾,91,蓝海房车
920,马自达CX-5,92,长安马自达
921,马自达3,92,长安马自达
922,马自达3星骋,92,长安马自达
923,马自达2,92,长安马自达
926,马自达6,92,一汽马自达
927,睿翼,92,一汽马自达
929,马自达8,92,一汽马自达
930,马自达CX-7,92,一汽马自达
933,阿特兹ATENZA(进口),92,进口马自达
934,马自达5,92,进口马自达
935,马自达CX-7(进口),92,进口马自达
936,马自达CX-5(进口),92,进口马自达
937,马自达MX-5,92,进口马自达
938,马自达CX-9,92,进口马自达
939,马自达3(进口),92,进口马自达
940,马自达RX-8,92,进口马自达
941,Mazda6(进口),92,进口马自达
942,马自达8(进口),92,进口马自达
943,马自达626(进口),92,进口马自达
944,MG3,93,MG
945,MG6,93,MG
946,MG5,93,MG
948,MG3SW,93,MG
949,MG7,93,MG
950,MG TF,93,MG
951,MINI,94,进口MINI
952,MINI CLUBMAN,94,进口MINI
953,MINI COUNTRYMAN,94,进口MINI
954,MINI ROADSTER,94,进口MINI
955,MINI COUPE,94,进口MINI
956,MINI PACEMAN,94,进口MINI
957,MINI CABRIO,94,进口MINI
958,MINI JCW COUNTRYMAN,94,进口MINI JCW
959,MINI JCW PACEMAN,94,进口MINI JCW
960,MINI JCW CLUBMAN,94,进口MINI JCW
961,MINI JCW COUPE,94,进口MINI JCW
962,MINI JCW,94,进口MINI JCW
963,迈巴赫,95,迈巴赫
967,玛莎拉蒂总裁,96,玛莎拉蒂
968,玛莎拉蒂GT,96,玛莎拉蒂
969,玛莎拉蒂GC,96,玛莎拉蒂
970,玛莎拉蒂Ghibli,96,玛莎拉蒂
971,玛莎拉蒂Spyder,96,玛莎拉蒂
972,玛莎拉蒂GranSport,96,玛莎拉蒂
973,玛莎拉蒂Coupe,96,玛莎拉蒂
974,迈凯伦MP4-12C,97,迈凯伦
976,摩根plus 8,98,摩根
977,摩根Roadster,98,摩根
978,奇兵,99,美亚
979,美亚奇骏,99,美亚
980,美亚顺风,99,美亚
981,陆程,99,美亚
982,富旺,99,美亚
983,美亚海狮,99,美亚
985,纳5,100,东风裕隆
986,大7 SUV,100,东风裕隆
987,大7 MPV,100,东风裕隆
988,MASTER CEO,100,东风裕隆
989,纳智捷U6 TURBO,100,裕隆汽车
990,讴歌MDX,101,讴歌
991,讴歌RDX,101,讴歌
992,讴歌ILX,101,讴歌
993,讴歌ZDX,101,讴歌
994,讴歌RL,101,讴歌
995,讴歌TL,101,讴歌
996,讴歌RLX,101,讴歌
998,安德拉,102,欧宝
999,麦瑞纳,102,欧宝
1000,英速亚,102,欧宝
1001,赛飞利,102,欧宝
1004,威达,102,欧宝
1005,雅特,102,欧宝
1006,欧捷利,102,欧宝
1008,欧美佳,102,欧宝
1010,欧朗,103,欧朗
1011,起亚K3,104,东风悦达起亚
1012,起亚K2,104,东风悦达起亚
1013,起亚K5,104,东风悦达起亚
1014,智跑,104,东风悦达起亚
1015,狮跑,104,东风悦达起亚
1016,福瑞迪,104,东风悦达起亚
1017,赛拉图,104,东风悦达起亚
1019,秀尔,104,东风悦达起亚
1020,锐欧,104,东风悦达起亚
1021,千里马,104,东风悦达起亚
1022,远舰,104,东风悦达起亚
1023,嘉华,104,东风悦达起亚
1024,普莱特,104,东风悦达起亚
1025,宝驹,104,东风悦达起亚
1026,索兰托,104,进口起亚
1027,佳乐,104,进口起亚
1028,凯尊,104,进口起亚
1029,K5(进口),104,进口起亚
1030,霸锐,104,进口起亚
1031,速迈,104,进口起亚
1032,起亚VQ,104,进口起亚
1033,狮跑(进口),104,进口起亚
1034,欧菲莱斯,104,进口起亚
1035,嘉华(进口),104,进口起亚
1036,奇瑞QQ,105,奇瑞
1037,瑞虎,105,奇瑞
1038,奇瑞E3,105,奇瑞
1039,艾瑞泽7,105,奇瑞
1040,奇瑞E5,105,奇瑞
1041,风云2,105,奇瑞
1043,奇瑞A3,105,奇瑞
1044,旗云2,105,奇瑞
1045,旗云1,105,奇瑞
1047,奇瑞A1,105,奇瑞
1048,东方之子,105,奇瑞
1049,旗云5,105,奇瑞
1050,旗云3,105,奇瑞
1051,奇瑞QQme,105,奇瑞
1052,瑞虎5,105,奇瑞
1053,奇瑞A5,105,奇瑞
1054,奇瑞QQ6,105,奇瑞
1055,旗云,105,奇瑞
1056,风云,105,奇瑞
1057,东方之子CROSS,105,奇瑞
1058,启辰D50,106,东风日产
1059,启辰R50X,106,东风日产
1060,启辰R50,106,东风日产
1062,庆铃轻型商用车,107,庆铃
1063,庆铃重型商用车,107,庆铃
1064,庆铃中型商用车,107,庆铃
1065,庆铃多功能车,107,庆铃
1066,轩逸,108,东风日产
1067,逍客,108,东风日产
1068,天籁,108,东风日产
1069,骊威,108,东风日产
1070,阳光,108,东风日产
1071,骐达,108,东风日产
1072,奇骏,108,东风日产
1073,玛驰,108,东风日产
1074,楼兰,108,东风日产
1075,蓝鸟,108,东风日产
1076,颐达,108,东风日产
1077,骏逸,108,东风日产
1078,郑州日产NV200,108,郑州日产
1079,帕拉丁,108,郑州日产
1080,D22皮卡,108,郑州日产
1081,凯普斯达,108,郑州日产
1082,D22厢式车,108,郑州日产
1083,日产GT-R,108,进口日产
1084,途乐,108,进口日产
1085,日产370Z,108,进口日产
1086,贵士,108,进口日产
1087,碧莲,108,进口日产
1088,日产Juke,108,进口日产
1091,公爵(进口),108,进口日产
1092,日产350Z,108,进口日产
1093,日产风度,108,进口日产
1094,日产风雅,108,进口日产
1095,奇骏(进口),108,进口日产
1096,楼兰(进口),108,进口日产
1098,荣威350,109,荣威
1099,荣威550,109,荣威
1100,荣威W5,109,荣威
1101,荣威950,109,荣威
1102,荣威750,109,荣威
1103,荣威e50,109,荣威
1104,瑞麒X1,110,瑞麒
1105,瑞麒M1,110,瑞麒
1106,瑞麒G5,110,瑞麒
1107,瑞麒G3,110,瑞麒
1108,瑞麒G6,110,瑞麒
1109,瑞麒M5,110,瑞麒
1110,瑞麒2,110,瑞麒
1111,帕杰罗速跑,111,北奔三菱
1112,欧蓝德,111,北奔三菱
1113,三菱翼神,111,东南三菱
1114,蓝瑟,111,东南三菱
1115,风迪思,111,东南三菱
1116,君阁,111,东南三菱
1117,戈蓝,111,东南三菱
1118,菱绅,111,东南三菱
1119,劲炫ASX,111,广汽三菱
1120,帕杰罗・劲畅,111,广汽三菱
1121,帕杰罗,111,广汽三菱
1122,欧蓝德(进口),111,进口三菱
1123,帕杰罗(进口),111,进口三菱
1124,劲炫(进口),111,进口三菱
1126,帕杰罗・劲畅(进口),111,进口三菱
1127,伊柯丽斯,111,进口三菱
1129,格蓝迪,111,进口三菱
1130,蓝瑟(进口),111,进口三菱
1131,戈蓝(进口),111,进口三菱
1132,明锐,112,上海大众斯柯达
1133,昕锐,112,上海大众斯柯达
1134,昊锐,112,上海大众斯柯达
1135,野帝Yeti,112,上海大众斯柯达
1136,晶锐,112,上海大众斯柯达
1137,速派,112,上海大众斯柯达
1139,Yeti(进口),112,进口斯柯达
1141,Superb(进口),112,进口斯柯达
1142,弗雷西亚,112,进口斯柯达
1143,森林人,113,斯巴鲁
1144,斯巴鲁XV,113,斯巴鲁
1145,斯巴鲁BRZ,113,斯巴鲁
1146,傲虎,113,斯巴鲁
1147,翼豹,113,斯巴鲁
1149,力狮,113,斯巴鲁
1150,驰鹏,113,斯巴鲁
1151,柯兰多,114,双龙
1152,爱腾,114,双龙
1153,雷斯特W,114,双龙
1154,主席,114,双龙
1155,雷斯特II,114,双龙
1156,路帝,114,双龙
1157,享御,114,双龙
1158,双龙雷斯特,114,双龙
1159,绅宝D70,115,北京汽车
1160,Fortwo,116,Smart
1162,精灵节奏,116,Smart
1163,精灵纯洁,116,Smart
1164,小贵族,117,双环
1165,双环SCEO,117,双环
1166,来宝S-RV,117,双环
1167,来旺,117,双环
1168,世爵C8,118,世爵
1169,MAGNUM,119,泰赫雅特
1170,Grand GT,119,泰赫雅特
1171,Model S,120,TESLA
1172,Model X,120,TESLA
1174,五菱宏光,121,五菱
1175,五菱之光,121,五菱
1176,五菱荣光,121,五菱
1177,五菱鸿途,121,五菱
1178,五菱兴旺,121,五菱
1179,五菱小旋风,121,五菱
1180,五菱扬光,121,五菱
1181,沃尔沃S80L,122,长安沃尔沃
1182,沃尔沃S40,122,长安沃尔沃
1183,沃尔沃XC60(进口),122,进口沃尔沃
1184,沃尔沃S60,122,进口沃尔沃
1185,沃尔沃V40,122,进口沃尔沃
1186,沃尔沃C30,122,进口沃尔沃
1187,沃尔沃V60,122,进口沃尔沃
1188,沃尔沃XC90,122,进口沃尔沃
1189,沃尔沃C70,122,进口沃尔沃
1190,沃尔沃S80,122,进口沃尔沃
1191,沃尔沃V70,122,进口沃尔沃
1192,沃尔沃S40(进口),122,进口沃尔沃
1193,威麟V5,123,威麟
1194,威麟X5,123,威麟
1195,威麟H5,123,威麟
1196,威麟H3,123,威麟
1198,威兹曼Roadster,124,威兹曼
1199,威兹曼GT,124,威兹曼
1200,朗动,125,北京现代
1201,北京现代ix35,125,北京现代
1202,瑞纳,125,北京现代
1203,索纳塔,125,北京现代
1204,悦动,125,北京现代
1205,全新胜达,125,北京现代
1206,途胜,125,北京现代
1207,伊兰特,125,北京现代
1209,北京现代i30,125,北京现代
1210,名驭,125,北京现代
1211,MISTRA名图,125,北京现代
1213,雅绅特,125,北京现代
1214,领翔,125,北京现代
1215,御翔,125,北京现代
1218,劳恩斯coupe,125,进口现代
1219,全新胜达(进口),125,进口现代
1220,飞思,125,进口现代
1221,格锐,125,进口现代
1222,雅尊,125,进口现代
1223,雅科仕,125,进口现代
1224,劳恩斯,125,进口现代
1225,维拉克斯,125,进口现代
1226,辉翼,125,进口现代
1227,索纳塔(进口),125,进口现代
1230,酷派,125,进口现代
1231,瑞风,125,进口现代
1233,现代美佳,125,进口现代
1234,世纪,125,进口现代
1235,君爵,125,进口现代
1236,雪佛兰开拓者,126,进口雪佛兰
1237,科鲁兹,126,上海通用雪佛兰
1238,赛欧,126,上海通用雪佛兰
1239,迈锐宝,126,上海通用雪佛兰
1240,科帕奇,126,上海通用雪佛兰
1241,爱唯欧,126,上海通用雪佛兰
1244,景程,126,上海通用雪佛兰
1246,赛欧SPRINGO,126,上海通用雪佛兰
1248,乐风,126,上海通用雪佛兰
1249,乐骋,126,上海通用雪佛兰
1251,科迈罗,126,进口雪佛兰
1252,沃蓝达,126,进口雪佛兰
1253,科帕奇(进口),126,进口雪佛兰
1254,科尔维特,126,进口雪佛兰
1255,斯帕可,126,进口雪佛兰
1257,雪佛兰EXPRESS,126,进口雪佛兰
1260,雪铁龙C4L,127,东风雪铁龙
1261,雪铁龙C5,127,东风雪铁龙
1262,雪铁龙C2,127,东风雪铁龙
1263,爱丽舍,127,东风雪铁龙
1264,世嘉,127,东风雪铁龙
1265,萨拉-毕加索,127,东风雪铁龙
1266,富康,127,东风雪铁龙
1267,凯旋,127,东风雪铁龙
1268,赛纳,127,东风雪铁龙
1270,C4 AIRCROSS,127,进口雪铁龙
1271,C4毕加索,127,进口雪铁龙
1273,雪铁龙C6,127,进口雪铁龙
1274,雪铁龙C5(进口),127,进口雪铁龙
1275,雪铁龙C4,127,进口雪铁龙
1276,伊比飒,128,西雅特
1277,LEON,128,西雅特
1278,欧悦搏,128,西雅特
1279,林肯MKT,129,星客特
1280,福特F系列,129,星客特
1281,奔驰S级,129,星客特
1282,福特商务车,129,星客特
1283,丰田4Runner,129,星客特
1284,林肯MKX,129,星客特
1285,GMC皇家级,129,星客特
1286,林肯领航员,129,星客特
1288,丰田红杉,129,星客特
1291,威霆119,130,新凯
1292,新凯SUV,130,新凯
1293,新凯皮卡,130,新凯
1294,新凯SRV,130,新凯
1295,锐达,130,新凯
1296,新凯海狮,130,新凯
1297,夏利N7,155,天津一汽
1298,夏利N5,155,天津一汽
1299,夏利N3+,155,天津一汽
1300,夏利N3,155,天津一汽
1301,威志V5,131,天津一汽
1302,夏利A+,155,天津一汽
1303,威志V2,131,天津一汽
1304,威志,131,天津一汽
1306,威乐,131,天津一汽
1307,威姿,131,天津一汽
1309,夏利,155,天津一汽
1311,夏利2000,155,天津一汽
1312,华利微型客车,131,天津一汽
1313,一汽佳星幸福使者,131,一汽华利
1314,森雅M80,131,一汽吉林
1315,森雅S80,131,一汽吉林
1316,佳宝,131,一汽吉林
1317,一汽奥星,131,一汽吉林
1318,森雅,131,一汽吉林大发
1319,自由风,131,一汽轻型汽车
1320,坤程,131,一汽通用
1321,英菲尼迪QX50,132,东风英菲尼迪
1322,英菲尼迪G,132,英菲尼迪
1323,英菲尼迪QX70,132,英菲尼迪
1324,英菲尼迪JX35(QX60),132,英菲尼迪
1325,英菲尼迪QX80(QX56),132,英菲尼迪
1326,英菲尼迪Q70L,132,英菲尼迪
1327,英菲尼迪Q60,132,英菲尼迪
1328,英菲尼迪Q60S,132,英菲尼迪
1331,野马F12,133,野马汽车
1332,野马F10,133,野马汽车
1333,野马F99,133,野马汽车
1334,永源A380,134,永源
1335,风景线,134,永源
1336,猎鹰,134,永源
1337,五星,134,永源
1338,庄威,134,永源
1339,得意 Turbo Daily,135,依维柯
1340,宝迪 Power Daily,135,依维柯
1344,Daily,135,依维柯
1345,康果,135,依维柯
1346,亚星客车,136,扬州亚星客车
1347,中华H530,137,中华
1348,中华H230,137,中华
1349,中华V5,137,中华
1350,中华H330,137,中华
1351,骏捷,137,中华
1352,骏捷FRV,137,中华
1353,中华H320,137,中华
1354,骏捷FSV,137,中华
1355,酷宝,137,中华
1356,骏捷Cross,137,中华
1357,尊驰,137,中华
1359,中华,137,中华
1360,众泰Z300,138,众泰
1361,众泰5008,138,众泰
1362,江南TT,138,众泰
1363,众泰T200,138,众泰
1364,众泰Z100,138,众泰
1365,众泰2008,138,众泰
1366,众泰Z200,138,众泰
1367,众泰M300,138,众泰
1368,众泰Z200HB,138,众泰
1369,众泰V10,138,众泰
1370,无限,139,中兴
1371,威虎TUV,139,中兴
1372,旗舰,139,中兴
1373,威虎G3,139,中兴
1374,长铃皮卡,139,中兴
1375,中兴C3,139,中兴
1377,中兴福星SUV,139,中兴
1378,驰野,139,中兴
1379,中兴海豹,139,中兴
1380,中兴老虎,139,中兴
1381,奔驰房车,140,中欧
1382,领秀客车,141,中通客车
2155,大迪霸道SUV,142,大迪汽车
2156,都市骏马SUV,142,大迪汽车
2157,都市威菱SUV,142,大迪汽车
2158,雅宝,142,大迪汽车
2159,美人豹,143,吉利
2160,中国龙,143,吉利
2161,豪情,143,吉利
2162,优利欧,143,吉利
2163,美日之星,143,吉利
2164,天马座,144,宝龙
2165,菱麒,144,宝龙
2166,菱惠,144,宝龙
2167,菱骏,144,宝龙
2168,悍马H2,145,悍马
2169,悍马加长版,145,悍马
2170,悍马H3,145,悍马
2171,悍马H600,145,悍马
2172,悍马悍霸,145,悍马
2173,悍马H200,145,悍马
2174,海域,146,华普
2175,海尚,146,华普
2176,海迅,146,华普
2177,海锋,146,华普
2178,海悦,146,华普
2179,驭虎,147,华翔富奇
2180,新雅途,148,新雅途
2181,英格尔,148,新雅途
2182,萨博9-3,149,萨博
2183,萨博9-5,149,萨博
2184,英雄,150,天马
2186,风锐,150,天马
2189,天马海狮,150,天马
2190,源动力,151,新大地
2191,魔兽,151,新大地
2192,腾狮,152,中客华北
2193,华北醒狮,152,中客华北
2194,超赛,152,中客华北
2196,翼虎/Kuga(进口),35,进口福特
2197,罗孚75,153,罗孚75
2198,英菲尼迪EX,132,英菲尼迪
2199,英菲尼迪Essence,132,英菲尼迪
2200,英菲尼迪Etherea,132,英菲尼迪
2201,英菲尼迪FX,132,英菲尼迪
2202,英菲尼迪M,132,英菲尼迪
2203,乐驰,126,上汽通用五菱
2204,朗风,146,华普
2205,中顺世纪,154,中顺世纪
2206,杰士达美鹿,146,华普
2207,都灵V,135,依维柯
2208,奇瑞X1,105,奇瑞
2209,威旺307,17,北汽威旺
2210,Ottimo致悦,37,广汽菲亚特
2211,御骏,57,海格
2212,海马M8,51,海马
2213,自由光(进口),61,进口Jeep
2214,魅影,86,劳斯莱斯
2215,速翼特,78,进口铃木
2216,摩根Aero,98,摩根
2217,速尊,112,进口斯柯达
2218,沃尔沃S60L,122,沃尔沃亚太
2219,众泰T600,138,众泰
2220,奥迪SQ5,1,进口奥迪
2221,华普海景,146,华普
2222,雪铁龙C3,127,进口雪铁龙
2223,红旗,53,红旗
2224,风驰,150,天马
2225,中华H220 ,137,中华
2226,瑞奕,125,北京现代
2228,嘉誉,22,长城
2229,奔驰CLA级,9,进口奔驰
2230,创酷,126,上海通用雪佛兰
2231,飞度(进口),5,进口本田
2232,劳伦士,9,进口奔驰
2233,斯宾特Sprinter,9,进口奔驰
2234,幻速S3,156,北汽银翔
2235,瑞虎3,105,奇瑞
2236,日产ZN6493,108,郑州日产
2237,日产ZN6494,108,郑州日产
2239,海马S5,51,海马
2241,捷豹X-TYPE,64,捷豹
2242,英菲尼迪Q50,132,英菲尼迪
2243,幻速S2,156,北汽银翔
2244,力帆T11,81,力帆
2245,福顺,81,力帆
2246,长安V5,23,长安跨越
2247,锐铃,14,北汽制造
2248,帅驰,45,广汽吉奥
2249,马自达3 Axela昂克赛拉,92,长安马自达
2252,DS 5LS,31,长安标致雪铁龙
2253,风光350,170,东风小康
2254,风光330,170,东风小康
2255,C36,28,东风小康
2256,景逸X3,26,东风风行
2257,雷凌,36,广汽丰田
2258,保时捷Macan,11,保时捷
2259,Huracan,82,兰博基尼
2260,哈弗H2,50,哈弗
2261,凯路威,25,进口大众
2262,奔驰CLA级AMG,9,进口奔驰AMG
2263,奔驰A级AMG,9,进口奔驰AMG
2264,宝骏610,15,宝骏
2265,吉奥E美,45,广汽吉奥
2266,庆铃皮卡,107,庆铃
2267,昕动,112,上海大众斯柯达
2268,威霆122,130,新凯
2269,标致2008,10,东风标致
2270,猎豹Q6,85,猎豹SUV
2271,阿特兹,92,一汽马自达
2272,MAXUS G10,34,大通
2275,飞腾C5,85,猎豹SUV
2276,新风景G7,39,福田
2277,绅宝D50,115,北京汽车
2279,起亚K3S,104,东风悦达起亚
2281,迈凯伦650S,97,迈凯伦
2282,新海狮,67,华晨金杯
2283,风骏6,22,长城
2284,156,3,阿尔法・罗密欧
2285,奥迪A6,1,一汽奥迪
2286,宝骏730,15,宝骏
2287,宝马X4,7,进口宝马
2288,宝马M4,7,进口宝马M系
2289,风神A30,30,东风风神
2290,LaFerrari,38,法拉利
2291,启辰R30,106,东风日产
2292,起亚K4,104,东风悦达起亚
2293,捷恩斯,125,进口现代
2294,力帆X50,81,力帆
2295,奔驰GLA级(进口),9,进口奔驰
2296,骏派D60,131,天津一汽
2297,缤智,5,广汽本田
2298,林肯MKC,87,林肯
2299,昂科威,6,上海通用别克
2300,比亚迪S7,8,比亚迪
2301,豪情SUV,143,吉利
2302,北京现代ix25,125,北京现代
2303,DS 6,31,长安标致雪铁龙
2304,英菲尼迪ESQ,132,英菲尼迪
2305,北京40,13,北京汽车
2306,绅宝D60,115,北京汽车
2307,艾瑞泽3,105,奇瑞
2308,凯翼C3,157,凯翼
2309,新圣达菲,52,华泰
2310,奥迪S3,1,进口奥迪
2311,讴歌TLX,101,讴歌
2312,悦翔V7,21,长安轿车
2313,绅宝D20,115,北京汽车
2314,发现神行(进口),79,路虎
2315,雷克萨斯NX,80,雷克萨斯
2316,本田XR-V,5,东风本田
2317,风神AX7,30,东风风神
2318,英菲尼迪Q50L,132,东风英菲尼迪
2319,沃尔沃XC60,122,沃尔沃亚太
2320,众泰Z500,138,众泰
2321,揽福,40,福迪
2322,哈弗H1,50,哈弗
2323,哈弗H9,50,哈弗
2324,锐行,93,MG
2325,中华豚,137,中华
2326,比亚迪G5,8,比亚迪
2327,XC Classic,122,沃尔沃亚太
2328,野马F16,133,野马汽车
2330,景逸S50,26,东风风行
2332,瑞风S3,60,江淮
2333,卡威W1,158,卡威
2334,凯迪拉克ATS-L,73,上海通用凯迪拉克
2335,传祺GA3S视界,44,广汽乘用车
2336,艾菲,70,九龙
2337,英菲尼迪QX60,132,英菲尼迪
2338,丰田86,36,进口丰田
2339,英致G3,159,英致
2340,帝豪,63,吉利帝豪
2341,优6,100,东风裕隆
2342,福睿斯,35,长安福特
2343,启悦,78,长安铃木
2344,雪铁龙C3-XR,127,东风雪铁龙
2345,传祺GA6,44,广汽乘用车
2347,迈巴赫S级,9,进口奔驰迈巴赫
2348,开瑞K50,75,开瑞
2349,野马T70,133,野马汽车
2350,中兴GX3,139,中兴
2351,启辰T70,106,东风日产
2352,凌渡,25,上海大众
2357,兰德酷路泽(进口),36,进口丰田
2358,艾瑞泽M7,105,奇瑞
2359,绅宝X65,115,北京汽车
2360,锐腾,93,MG
2361,奔驰GLA级,9,北京奔驰
2362,金刚财富,65,吉利英伦
2363,英伦C5,65,吉利英伦
2364,传祺GS4,44,广汽乘用车
2365,哈弗H6 Coupe,50,哈弗
2366,起亚KX3,104,东风悦达起亚
2367,中华V3,137,中华
2368,MX6,32,东风风度
2369,博瑞,143,吉利
2370,宝骏560,15,宝骏
2371,幻速H2,156,北汽银翔
2372,绅宝CC,115,北京汽车
2373,绅宝D80,115,北京汽车
2374,威旺007,17,北汽威旺
2375,威朗,6,上海通用别克
2376,大众up!,25,进口大众
2377,风神L60,30,东风风神
2378,东南DX7,27,东南
2379,法拉利488,38,法拉利
2380,萨瓦纳,39,福田
2381,海马M6,51,海马
2382,捷豹XE,64,捷豹
2383,华晨金杯750,67,华晨鑫源
2384,卡缤,84,雷诺
2385,力帆820,81,力帆
2386,猎豹CS10,85,猎豹SUV
2387,陆风X7,83,陆风
2388,迈凯伦540C,97,迈凯伦
2389,迈凯伦570S,97,迈凯伦
2390,迈凯伦625C,97,迈凯伦
2391,起亚K9,104,进口起亚
2392,蒂维拉,114,双龙
2393,华颂7,160,华颂
2394,AMG GT,9,进口奔驰AMG
2395,景逸XV,26,东风风行
2396,瑞风M3,60,江淮
2397,和悦A13,60,江淮
2398,明锐(进口),112,进口斯柯达
2399,桑塔纳经典,25,上海大众
2400,新胜达(进口),125,进口现代
2401,风光360,170,东风小康
2402,桑塔纳・浩纳,25,上海大众
2403,锋范,5,广汽本田
2404,卡威K1,158,卡威
2405,启腾EX80,162,福汽新龙马
2406,启腾M70,162,福汽新龙马
2407,揽胜极光,79,奇瑞捷豹路虎
2408,发现神行,79,奇瑞捷豹路虎
2409,瑞风S2,60,江淮
2410,锐界,35,长安福特
2411,凯胜,130,新凯
2412,五菱荣光V,121,五菱
2413,江淮iEV,60,江淮
2414,金牛座,35,长安福特
2415,风行S500,26,东风风行
2416,撼路者,35,江铃福特
2417,大迈X5,138,众泰
2418,LANNIA 蓝鸟,108,东风日产
2419,荣威360,109,荣威
2420,幻速H3,156,北汽银翔
2421,幻速S6,156,北汽银翔
2422,威旺M30,17,北汽威旺
2423,奔腾B30,12,奔腾
2424,哥瑞,5,东风本田
2425,捷豹F-PACE,64,捷豹
2426,智尚S35,67,绵阳金杯
2427,英致737,159,英致
2428,英菲尼迪QX50(进口),132,英菲尼迪
2429,宝马2系多功能旅行车,7,进口宝马
2430,自由光,61,广汽菲克Jeep
2431,YUKON,47,GMC
2432,SIERRA,47,GMC
2433,宋,8,比亚迪
2434,风光370,170,东风小康
2435,C4世嘉,127,东风雪铁龙
2436,五十铃mu-X,163,江西五十铃
2437,奔驰GLC级,9,北京奔驰
2438,奔驰GLE级,9,进口奔驰
2439,奔驰GLE级AMG,9,进口奔驰AMG
2440,维特拉,78,长安铃木
2441,雷克萨斯RC F,80,雷克萨斯F
2442,乐风RV,126,上海通用雪佛兰
2443,启辰T70X,106,东风日产
2444,奔驰GLA级AMG,9,进口奔驰AMG
2445,宝骏330,15,宝骏
2446,拉共达Taraf,2,阿斯顿・马丁
2447,宝马i8,7,进口宝马
2448,绅宝X25,115,北京汽车
2449,唐,8,比亚迪
2450,添越,16,宾利
2451,欧尚,23,长安商用
2452,风神E30,30,东风风神
2453,风神AX3,30,东风风神
2454,Fortuner,36,进口丰田
2455,伽途V3,39,福田
2456,伽途V5,39,福田
2457,乐途,81,力帆
2458,迈凯伦P1,97,迈凯伦
2459,奇瑞eQ,105,奇瑞新能源
2460,晨风,106,东风日产
2461,云100,138,众泰
2462,芝麻E30,138,众泰
2463,众泰Z700,138,众泰
2464,奇瑞QQ3EV,105,奇瑞新能源
